"NUTS3","funding_by_region","population","funding_per_capita_germany_erdf","GDP_per_capita","log_funding_per_capita","log_GDP_per_capita","NUTS1_states"
"DE111",102083691.42,623738,163.664377382811,83717,5.09781785155085,11.3351973421864,"DE1"
"DE112",6991057,381281,18.3357077850719,63435,2.90885040372732,11.0577710385747,"DE1"
"DE113",5995550.66,524127,11.4391181145028,40157,2.43703889508711,10.6005520503801,"DE1"
"DE114",2771300,252749,10.9646328966682,32703,2.39467490175338,10.3952220957965,"DE1"
"DE115",7e+05,534074,1.31067979343686,44079,0.270545928905059,10.6937387575441,"DE1"
"DE116",3493266.68,419456,8.3280884765029,33199,2.11963395523593,10.410275033969,"DE1"
"DE117",4433059.34,122567,36.1684575783041,52141,3.58818740138054,10.8617068664367,"DE1"
"DE118",6841000,334388,20.4582700336136,50856,3.0183872033618,10.8367533886162,"DE1"
"DE119",1200000,110181,10.8911699839355,46523,2.38795236771535,10.7477020929454,"DE1"
"DE11A",3607500,191614,18.8269124385483,39168,2.93528735888714,10.575615365872,"DE1"
"DE11B",1031950,132181,7.80709784310907,35740,2.05503329980063,10.4840257887134,"DE1"
"DE11C",2717878.75,130527,20.8223490159124,34990,3.03602688179434,10.4628175853617,"DE1"
"DE11D",29805751.54,312650,95.332645258276,40588,4.55737230455517,10.611227735399,"DE1"
"DE122",22449299.41,307755,72.9453604653052,62202,4.28971067411567,11.0381424325512,"DE1"
"DE123",11923010.84,435841,27.3563314144378,35585,3.30894799803444,10.4796794797334,"DE1"
"DE124",55242.5,227474,0.242851930330499,41646,-1.41530336156849,10.6369606045676,"DE1"
"DE125",34989166.5,156267,223.90630459406,53315,5.41122768128805,10.8839729964523,"DE1"
"DE126",30665347.6,305780,100.285655046112,63036,4.60802266426203,11.051461270742,"DE1"
"DE127",1979962.88,142936,13.8520938042201,30103,2.62843639840723,10.3123801135446,"DE1"
"DE128",3048851.36,541859,5.62665077077247,32744,1.72751437539603,10.3964750181722,"DE1"
"DE129",11878157.2,122247,97.1652245044868,39800,4.57641287486293,10.5916221912725,"DE1"
"DE12A",2865505,155359,18.4444094001635,27482,2.91476131102738,10.2212865238917,"DE1"
"DE12C",4807112.5,116233,41.3575533626423,37107,3.72225507377547,10.5215609100431,"DE1"
"DE131",54789187.42,226393,242.009193835498,48586,5.48897571649082,10.791090702546,"DE1"
"DE132",8938203.4,257343,34.732646312509,28763,3.54768006058535,10.2668451179387,"DE1"
"DE133",6941274.58,162082,42.8256967460915,29824,3.75713831368884,10.3030687174853,"DE1"
"DE134",21075547.88,420106,50.1672146553489,38917,3.9153617188236,10.5691864521368,"DE1"
"DE135",3602020,137500,26.1965090909091,40977,3.26562616108471,10.620766212671,"DE1"
"DE136",5992134.11,209648,28.581880628482,36874,3.35277297259304,10.5152619746303,"DE1"
"DE137",11888827,136606,87.0300499246007,46067,4.46625346044943,10.7378521375114,"DE1"
"DE138",2045807,280288,7.29894608402786,33520,1.98772996568072,10.419897554596,"DE1"
"DE139",2786059.63,226708,12.2891985726132,32188,2.50872071173756,10.379348991266,"DE1"
"DE13A",4e+05,167861,2.38292396685353,30188,0.868328291125639,10.3151997734048,"DE1"
"DE141",21533646.4,282113,76.3298621474374,39079,4.33506423980111,10.573340517293,"DE1"
"DE142",1069470.96,221837,4.82097648273282,32642,1.57297649732256,10.3933550817106,"DE1"
"DE143",4047562,188595,21.46166123174,33102,3.06626814481881,10.4073489825005,"DE1"
"DE144",6321129.17,122636,51.5438302782217,74745,3.94243251907564,11.2218375993836,"DE1"
"DE145",1469300,192104,7.64846125015617,29658,2.03450448383589,10.297487182535,"DE1"
"DE146",12855065.1,194019,66.2567331034589,48946,4.1935370914525,10.7984729285829,"DE1"
"DE147",24277902.5,212201,114.409934448942,49118,4.73978791476402,10.8019808453797,"DE1"
"DE148",11669538.24,279296,41.7819741063245,41278,3.73246500504387,10.6280849493693,"DE1"
"DE149",12364490,130772,94.5499801180681,34811,4.54912858482489,10.4576887077701,"DE1"
"DE211",17793968.86,132438,134.356973527235,128100,4.90050023938795,11.7605664878848,"DE2"
"DE212",98287794.58,1450380,67.7669263089673,75573,4.21607426337499,11.2328543555198,"DE2"
"DE214",3190508.41,108485,29.409673318892,47279,3.38132364468007,10.7638215012641,"DE2"
"DE215",44924.8,103907,0.432355856679531,31751,-0.838506287513796,10.3656794998878,"DE2"
"DE216",3806666.66,124930,30.4703967021532,27713,3.41675561234684,10.2296568961614,"DE2"
"DE219",10958.2,128805,0.0850758899111059,32688,-2.46421159833714,10.3947633170574,"DE2"
"DE21A",3789677,133747,28.3346691888416,29728,3.34408611455225,10.2998446416136,"DE2"
"DE21B",10198497.68,173225,58.874283042286,50117,4.07540437463672,10.8221155508738,"DE2"
"DE21D",4585255,87385,52.4718773244836,28382,3.96027735606531,10.2535104203945,"DE2"
"DE21F",135833.32,98286,1.38202104063651,34712,0.323546950002744,10.4548407274782,"DE2"
"DE21G",16195756.09,112034,144.56108047557,32225,4.97370212049214,10.3804978278074,"DE2"
"DE21J",3212436.47,124128,25.8800308552462,40152,3.25347166187489,10.6004275313348,"DE2"
"DE21K",6109864.48,256074,23.8597611627889,30708,3.17219340667788,10.3322784859478,"DE2"
"DE21L",2068449.88,133621,15.4799760516685,41521,2.73954732111055,10.6339546023282,"DE2"
"DE21M",676124.53,174162,3.8821587372676,38407,1.35639137450011,10.5559950136294,"DE2"
"DE21N",1433896.9,132906,10.7888048696071,38301,2.3785090103557,10.5532312844885,"DE2"
"DE221",5276409.5,69211,76.2365736660358,56031,4.33384131691469,10.9336603879817,"DE2"
"DE222",61707737.18,50566,1220.34048926156,64561,7.10688518834771,11.075365792291,"DE2"
"DE223",7226398.96,46806,154.390440541811,50782,5.03948472208464,10.835297240068,"DE2"
"DE224",3194690.66,116596,27.3996591649799,38140,3.31053057408235,10.5490188791544,"DE2"
"DE225",17305182.69,78122,221.514844602033,27489,5.40048960575889,10.2215412036333,"DE2"
"DE226",17826332,118965,149.845181355861,31662,5.00960263679493,10.3628725026337,"DE2"
"DE227",24159.59,154577,0.156294856285217,34481,-1.85601095133988,10.4481637266773,"DE2"
"DE228",74555919.4,188336,395.866533217229,28335,5.9810771171144,10.2518530686037,"DE2"
"DE229",21219647.47,76812,276.254328360152,30253,5.62132192098126,10.3173506320953,"DE2"
"DE22A",32759781.62,119218,274.78888775185,30669,5.61600312194633,10.3310076514251,"DE2"
"DE22B",458398.63,98806,4.63938050320831,26550,1.53458084508502,10.1867850266701,"DE2"
"DE22C",2793503.63,94104,29.685280434413,66189,3.39065131468536,11.1002695649765,"DE2"
"DE232",12046540.7,145465,82.8140150551679,83406,4.41659731101899,11.3314755282051,"DE2"
"DE233",270604.1,42055,6.4345285935085,52941,1.86167858172266,10.8769333649113,"DE2"
"DE234",14022342.68,103568,135.392618183223,25878,4.90817884040426,10.1611484658759,"DE2"
"DE235",33831348.87,126359,267.739922522337,34322,5.59001607098121,10.4435418269622,"DE2"
"DE236",3771269.17,130385,28.924103002646,37847,3.36467526145441,10.5413069954866,"DE2"
"DE237",12888506.94,95078,135.557194513978,29704,4.90939365099488,10.2990369958569,"DE2"
"DE238",2094450,189390,11.0589260256613,24353,2.40323788700867,10.1004103242073,"DE2"
"DE239",22704944.88,144864,156.732831345262,34254,5.05454264461645,10.4415586251923,"DE2"
"DE23A",8010459.87,73314,109.262349210246,33166,4.69375186383698,10.409280533774,"DE2"
"DE241",3450,73331,0.0470469514939112,60347,-3.05660920795296,11.0078665152652,"DE2"
"DE242",34248743.26,72148,474.701215002495,62727,6.16268558507052,11.0465472559395,"DE2"
"DE243",9155027.26,41257,221.902398623264,91888,5.40223763935856,11.4283257231041,"DE2"
"DE245",2685653.06,145570,18.4492207185546,25121,2.9150221321178,10.131459428707,"DE2"
"DE246",4860946,104306,46.6027457672617,20639,3.84165946144001,9.93493776880937,"DE2"
"DE247",20333831,86599,234.804455016802,25918,5.45875306144005,10.1626929869954,"DE2"
"DE248",8039300,114834,70.0080115645192,26177,4.24860968642206,10.1726364416067,"DE2"
"DE249",9887394.51,96429,102.53548735339,33378,4.63020895674066,10.4156522793033,"DE2"
"DE24A",16356661.1,67916,240.836637905648,31000,5.48411885263188,10.3417424834673,"DE2"
"DE24B",55370676.29,72468,764.070711072473,33336,6.63866033864347,10.4143931731023,"DE2"
"DE24C",23794801.28,66655,356.98449148601,33747,5.87769233962038,10.4266468034609,"DE2"
"DE24D",17319670.33,73185,236.656013254082,32237,5.4666076659347,10.3808701401818,"DE2"
"DE252",63500,108336,0.586139418106631,88127,-0.534197602844644,11.3865342348925,"DE2"
"DE253",5587166.19,124171,44.9957412761434,34283,3.80656784698391,10.4424048834683,"DE2"
"DE254",8786645.65,509975,17.2295615471347,57117,2.84662660315481,10.9528570746258,"DE2"
"DE255",80000,40428,1.97882655585238,32168,0.682504020461465,10.3787274485771,"DE2"
"DE256",58431328.23,181314,322.265948740858,29675,5.7753771324204,10.2980602194779,"DE2"
"DE257",19750,134136,0.147238623486611,37775,-1.91570071928838,10.5394027871409,"DE2"
"DE259",1951521.02,167643,11.6409335313732,30598,2.45452763937722,10.3286899263273,"DE2"
"DE25A",17224,98751,0.174418486901398,27674,-1.74629777025017,10.2282486232293,"DE2"
"DE25B",5699330,125140,45.5436311331309,27580,3.81867079248395,10.2248461513473,"DE2"
"DE25C",5751502.06,93342,61.617514730775,30332,4.1209461601704,10.3199585398208,"DE2"
"DE261",2400000,68986,34.7896674687618,75781,3.5493204308762,11.2356028805795,"DE2"
"DE262",6455931.84,51969,124.226593546153,98156,4.82210726530832,11.4943133287582,"DE2"
"DE263",65318972.75,124873,523.083234566319,61270,6.25974059971254,11.0230456057197,"DE2"
"DE264",33927490.15,173695,195.327960793345,30780,5.27467999605972,10.3346204073929,"DE2"
"DE265",12176528.9,103106,118.097190270207,30941,4.77150793181283,10.3398374442253,"DE2"
"DE266",3574718,79723,44.8392308367723,36474,3.80308344455042,10.5043549569768,"DE2"
"DE267",6963617.28,84581,82.3307513507762,30228,4.4107446873561,10.3165239261406,"DE2"
"DE268",23031559.32,89306,257.894870669384,34588,5.55255202385424,10.4512620800803,"DE2"
"DE269",19972022.2,128446,155.489639225823,32773,5.04657910062665,10.3973602846495,"DE2"
"DE26A",43905749.24,126123,348.118497339898,34327,5.85254293141165,10.4436874955083,"DE2"
"DE26B",9424902,114813,82.0891536672676,21052,4.4078058964918,9.95475084647367,"DE2"
"DE26C",75432.5,160427,0.470198283331359,27666,-0.754600793815713,10.2279595014348,"DE2"
"DE271",39178099.35,286374,136.807459301473,47522,4.91857453075945,10.768948040693,"DE2"
"DE272",5965834.19,42731,139.613727504622,36775,4.93887952005408,10.5125735454696,"DE2"
"DE273",13767300,66947,205.644763768354,53763,5.32615023249161,10.8923407772115,"DE2"
"DE274",24418.99,42841,0.569991129992297,58819,-0.562134479691644,10.9822202109434,"DE2"
"DE275",43000,130916,0.328454887103181,25905,-1.11335578046319,10.1621912792489,"DE2"
"DE276",7372241.84,245600,30.0172713355049,28647,3.40177292718755,10.2628040046183,"DE2"
"DE277",1630818,94575,17.2436478984933,33094,2.84744383789269,10.4071072760518,"DE2"
"DE278",15853450,123153,128.729710197884,42822,4.85771493642908,10.6648072681991,"DE2"
"DE279",9577693.06,170309,56.2371516478871,36872,4.02957759984514,10.5152077344003,"DE2"
"DE27A",62800,80429,0.780812890872695,36394,-0.24741973419283,10.5021592048732,"DE2"
"DE27B",74260522.59,137709,539.256857503867,33862,6.29019200193179,10.4300487206882,"DE2"
"DE27C",12349897.11,140419,87.9503280182881,36113,4.47677220077625,10.4944081903,"DE2"
"DE27D",21993249.22,131345,167.446413795729,47695,5.12066338244312,10.7725818495793,"DE2"
"DE27E",13654732.15,152672,89.438352481136,30417,4.49354958885627,10.3227569416207,"DE2"
"DE300",1353495606.37,3520030,384.512520168862,37551,5.95197635062327,10.5334552879961,"DE3"
"DE401",42969096.37,71574,600.34504666499,30543,6.39750456769727,10.3268908057753,"DE4"
"DE402",80275085.31,99687,805.271352433116,33793,6.69117930438644,10.4280089594311,"DE4"
"DE403",78241471.09,58092,1346.85449097983,34951,7.20552714606143,10.4617023595559,"DE4"
"DE404",230403999.66,167745,1373.53721219708,40495,7.22514459814035,10.6089337886831,"DE4"
"DE405",76560413.93,177411,431.542654795926,21060,6.0673663580039,9.95513078568797,"DE4"
"DE406",48769702.4,164528,296.42190022367,32167,5.69178377808669,10.3786963612996,"DE4"
"DE407",40306331.57,104673,385.069039484872,22763,5.95342264154861,10.0328916897474,"DE4"
"DE408",24350343.51,158236,153.886242763973,19990,5.03621364610183,9.90298742749445,"DE4"
"DE409",32528479.05,190714,170.561568893736,20043,5.13909633942096,9.90563524459359,"DE4"
"DE40A",100122360,207524,482.461594803493,25254,6.1789013213489,10.1367398379986,"DE4"
"DE40B",15000475.02,112450,133.396843219209,26210,4.8933284691776,10.1738962963175,"DE4"
"DE40C",44476499.85,182397,243.844470303788,23824,5.496530605269,10.0784487549238,"DE4"
"DE40D",31102223.58,99110,313.815190999899,24940,5.74880424894206,10.124228219234,"DE4"
"DE40E",49260909.76,210910,233.56365160495,23815,5.45345463784077,10.078070913235,"DE4"
"DE40F",26860249.97,77573,346.257718149356,24696,5.84718334793718,10.114396566182,"DE4"
"DE40G",17654048,117635,150.074790666043,31391,5.01113377427465,10.354276506608,"DE4"
"DE40H",78900235.29,163553,482.413867614779,33237,6.17880239212827,10.4114189921888,"DE4"
"DE40I",47944013.85,121014,396.185679756061,28494,5.98188298963361,10.2574488177772,"DE4"
"DE501",131232418.72,557464,235.409674382561,48890,5.46132729161364,10.7973281555727,"DE5"
"DE502",22907768.47,114025,200.90128015786,34382,5.30281364391537,10.4452884506014,"DE5"
"DE600",180940321.49,1787410,101.230451597563,61449,4.61739961670476,11.0259628414688,"DE6"
"DE711",25183134.06,155353,162.102656916828,75662,5.08822981921081,11.2340313318847,"DE7"
"DE712",18835913.87,732688,25.7079601003428,92423,3.24680067547512,11.4341311444038,"DE7"
"DE713",15237330.61,123734,123.145866213005,36982,4.81336955691429,10.5181865867669,"DE7"
"DE714",34830148.65,276218,126.096592727483,61013,4.83704822220521,11.0188422352038,"DE7"
"DE715",19725711.39,266928,73.8989966957382,27513,4.30269925134966,10.2224138992271,"DE7"
"DE716",4512295.91,292773,15.412267900387,26852,2.73516380919699,10.1980955850586,"DE7"
"DE717",3652008.79,266042,13.7271889025041,44092,2.61937845755781,10.6940336390832,"DE7"
"DE718",5099768,233427,21.8473784095242,45157,3.0840809330858,10.7179005855876,"DE7"
"DE719",8851481.81,411956,21.4864738224471,33367,3.06742361261439,10.4153226665953,"DE7"
"DE71A",19318767.36,232848,82.9672892187178,53658,4.41844642431792,10.8903858515742,"DE7"
"DE71B",6043769.22,97000,62.3068991752577,26088,4.13207216083794,10.1692307174692,"DE7"
"DE71C",4337825,347357,12.4880886235199,40403,2.52477527988237,10.606659318618,"DE7"
"DE71D",33536647.23,184114,182.151532365817,23498,5.20483893607808,10.0646705901275,"DE7"
"DE71E",4468129.7,301931,14.7985125740649,27954,2.69452667396706,10.2383155810449,"DE7"
"DE721",37844848.19,262505,144.168104188492,34826,4.97098000890376,10.4581195132393,"DE7"
"DE722",31174144.76,253167,123.136683533004,32635,4.81329498662894,10.3931406110693,"DE7"
"DE723",12466097.41,171922,72.5101930526634,28359,4.28372714580808,10.2526997190935,"DE7"
"DE724",40811661.98,245241,166.414514620312,34658,5.11448175186856,10.4532838582002,"DE7"
"DE725",14119343.29,107256,131.64152392407,26118,4.88008250045959,10.1703800107804,"DE7"
"DE731",30306061.56,197984,153.073286528204,49019,5.0309168036264,10.7999632570372,"DE7"
"DE732",29211118.93,220132,132.698194401541,35709,4.8880773346257,10.483158036836,"DE7"
"DE733",12002720.63,121166,99.0601375798491,34272,4.59572711601284,10.4420839732475,"DE7"
"DE734",35873377.7,235813,152.126378528749,32260,5.02471161308257,10.3815833516792,"DE7"
"DE735",22886187.36,180310,126.926889024458,30004,4.84361124372021,10.3090859850895,"DE7"
"DE736",21244857.2,157592,134.809236509467,35706,4.90386071623072,10.4830740208729,"DE7"
"DE737",3758316.58,100715,37.3163538698307,24020,3.61943167211278,10.086642095634,"DE7"
"DE803",213755609.12,206011,1037.59318249996,34164,6.94465906252957,10.438927737066,"DE8"
"DE804",213736152.03,96800,2208.01809948347,37335,7.69985060459322,10.5276865034698,"DE8"
"DE80J",172593282.96,262517,657.455642720281,25577,6.48837729823285,10.1494487891308,"DE8"
"DE80K",185689233.45,213473,869.848802658884,23194,6.76831940649813,10.0516489035166,"DE8"
"DE80L",219148471.29,224820,974.773024152655,22684,6.88220464815585,10.0294151091339,"DE8"
"DE80M",114166140.16,156270,730.569784091636,21948,6.59382475584324,9.99643129817887,"DE8"
"DE80N",225761741.16,238358,947.15403368043,22963,6.85346173432089,10.0416395039189,"DE8"
"DE80O",130841455.45,214113,611.085994077893,22360,6.41523769243988,10.015028927269,"DE8"
"DE911",82824612.76,251364,329.500695246734,71724,5.7975784639456,11.1805806986123,"DE9"
"DE912",4949801.99,101079,48.9696375112536,50058,3.89120046342531,10.8209376121301,"DE9"
"DE913",4919473.99,124045,39.6587850376879,177552,3.68031248817177,12.0870188027403,"DE9"
"DE914",2221255.57,174205,12.7508140983324,20527,2.54559512041566,9.92949637171718,"DE9"
"DE916",119185285.49,138236,862.187024291791,27796,6.7594722126658,10.2326474044342,"DE9"
"DE917",12373465,91500,135.22912568306,19253,4.90697056705773,9.86542217172934,"DE9"
"DE918",23397001.19,134896,173.444736611908,28081,5.15585902767951,10.2428484700412,"DE9"
"DE91A",4104519.31,132320,31.0196441203144,20817,3.43462068509439,9.94352523956766,"DE9"
"DE91B",17373113.6,120981,143.602000314099,19528,4.96704558628103,9.8796046120728,"DE9"
"DE91C",118096867.9,329538,358.371016089192,33363,5.88156880754374,10.415202780487,"DE9"
"DE922",11307756.77,213976,52.8459115508281,29499,3.96738034983147,10.2921116434483,"DE9"
"DE923",38322008.85,148281,258.44180205151,33348,5.55467053146983,10.4147530795305,"DE9"
"DE925",38314974.05,277055,138.293746909458,27133,4.92938002368944,10.2085059782348,"DE9"
"DE926",31218098.02,71659,435.647971922578,29999,6.07683451337569,10.3089193267554,"DE9"
"DE927",25015364.88,120632,207.369229391869,29185,5.33450092120056,10.2814101576379,"DE9"
"DE928",48499017.65,156206,310.481144450277,24041,5.73812317312149,10.0875159851218,"DE9"
"DE929",130817592.33,1144480,114.303082911016,43553,4.7388535425369,10.6817338662456,"DE9"
"DE931",30206828.79,177971,169.728937804474,27937,5.13420268100547,10.237707254104,"DE9"
"DE932",76108235.46,198103,384.185173672282,21311,5.95112465946043,9.96697865031733,"DE9"
"DE933",245200,248122,0.988223535196395,22528,-0.011846356626205,10.0225142589578,"DE9"
"DE934",33899265.63,50128,676.254102098628,24977,6.5165688960922,10.1257106803906,"DE9"
"DE935",75456683.18,180719,417.535971203913,26340,6.03437069915172,10.1788439752973,"DE9"
"DE936",18232480.84,113579,160.526865353631,19421,5.07846131394358,9.87411023382545,"DE9"
"DE937",29189796.57,163253,178.800981115202,30354,5.18627334994584,10.32068358352,"DE9"
"DE938",100559300.66,140264,716.928796127303,30965,6.57497652761707,10.3406128133722,"DE9"
"DE939",19977275.65,200054,99.8594162076239,29246,4.60376335894706,10.2834980911718,"DE9"
"DE93A",135121995.26,93131,1450.88096616594,26375,7.27992621379608,10.1801718707784,"DE9"
"DE93B",10634966.88,134645,78.9852343570129,29411,4.3692609281245,10.2891240330101,"DE9"
"DE941",3931508.99,76323,51.5114577519228,22185,3.94180426354441,10.007171663813,"DE9"
"DE942",20599693.38,50694,406.353678541839,69744,6.00722390980212,11.1525866744782,"DE9"
"DE943",78609366.56,163830,479.822783128853,44568,6.17341683391528,10.7047713917007,"DE9"
"DE944",103050479.01,162403,634.535562828273,47555,6.4528933341705,10.7696422149165,"DE9"
"DE945",26082458.07,75995,343.212817553786,39107,5.83835071410111,10.5740567580828,"DE9"
"DE946",76784003.31,121435,632.305375797752,28401,6.44937246700178,10.254179634797,"DE9"
"DE947",56626377.88,189199,299.295333907684,25038,5.70143082471937,10.1281499498196,"DE9"
"DE948",75443513.96,164734,457.971723869996,32549,6.12680744393318,10.3905019251986,"DE9"
"DE949",51695537.54,319488,161.807446727264,39314,5.08640702783764,10.5793359685177,"DE9"
"DE94A",58194815.43,97900,594.431209703779,25887,6.38760499825627,10.1614961911764,"DE9"
"DE94B",8560247.62,135662,63.0998188144064,30049,4.14471789813903,10.3105846615394,"DE9"
"DE94C",18010979.85,167548,107.497432676009,24279,4.6774669651989,10.0973670581638,"DE9"
"DE94F",12888479.79,137866,93.4855569175866,42837,4.53780695289303,10.6651574940984,"DE9"
"DE94G",40905669.21,89239,458.383321305707,33934,6.12770578015244,10.4321727406029,"DE9"
"DE94H",28678405.53,57173,501.607498819373,24164,6.21781793900635,10.0926192012586,"DE9"
"DEA11",111082171.03,612178,181.454039560389,76721,5.20100239607531,11.2479307438832,"DEA"
"DEA12",122694283.46,491231,249.769015921226,32877,5.5205365544549,10.4005286041315,"DEA"
"DEA13",72227829.47,582624,123.969883612759,40860,4.82003866201569,10.6179068683716,"DEA"
"DEA14",15823565.26,225144,70.2819762463135,36780,4.25251538253529,10.5127094981583,"DEA"
"DEA15",42472130.86,259996,163.356862644041,32471,5.09593714906568,10.388102662282,"DEA"
"DEA16",6840074.51,169278,40.4073447819563,32323,3.69901156997678,10.3835343301095,"DEA"
"DEA17",26567706.9,210934,125.952700370732,26912,4.83590644259048,10.2003275627727,"DEA"
"DEA18",5545794.64,109499,50.6469889222733,34929,3.92487978020639,10.4610727087051,"DEA"
"DEA19",10537600.94,158726,66.388625303983,30161,4.19552573614499,10.3143049780709,"DEA"
"DEA1A",61760877.71,350046,176.436461807877,36587,5.17296082180441,10.5074482650373,"DEA"
"DEA1B",11815052.24,310337,38.0716841369221,28457,3.63947080731775,10.2561494549844,"DEA"
"DEA1C",43184574.13,483279,89.3574397604696,37678,4.49264450350527,10.5368316487253,"DEA"
"DEA1D",9914658.67,450026,22.0313019025567,38715,3.0924642558705,10.5639824008208,"DEA"
"DEA1E",9105631.46,297661,30.5906096532633,27404,3.42069308778649,10.2184442671228,"DEA"
"DEA1F",46626562.06,462664,100.778452743243,27051,4.61292457031899,10.205479252168,"DEA"
"DEA22",25651006.2,318809,80.4588521654031,69807,4.38774590051637,11.1534895702551,"DEA"
"DEA23",135775327.34,1060580,128.019882837693,57857,4.85218558652591,10.9657297278945,"DEA"
"DEA24",7265713.45,163487,44.4421479995351,45334,3.79418829842636,10.7218125818243,"DEA"
"DEA26",41737556.53,262828,158.80178873636,28131,5.06765681283247,10.2446274500877,"DEA"
"DEA27",5210782.69,466657,11.16619420688,34349,2.41289083943618,10.4443281851452,"DEA"
"DEA28",6005947.37,191165,31.4176097612011,26189,3.44736855613362,10.1730947542604,"DEA"
"DEA29",11541584.34,252527,45.7043577122446,23832,3.8221936481079,10.0787844943931,"DEA"
"DEA2A",20923419.76,273452,76.5158775946053,34217,4.33749826955319,10.4404778755727,"DEA"
"DEA2B",11236401.73,282729,39.7426572088466,25074,3.68242509973096,10.129586731676,"DEA"
"DEA2C",43301362.93,596213,72.6273377635174,26615,4.28534140416887,10.1892302456069,"DEA"
"DEA2D",241970576.52,553922,436.831497069985,35713,6.07954753050769,10.4832700471411,"DEA"
"DEA31",16014010.26,117143,136.704798920977,20269,4.91782384860733,9.91684790423797,"DEA"
"DEA32",43384631.2,260368,166.628123271677,29053,5.11576452263934,10.2768770271718,"DEA"
"DEA33",57007853.18,310039,183.873168149813,51715,5.21424621639645,10.8535031538119,"DEA"
"DEA34",32954921.82,369666,89.1478302575839,35520,4.49029600590399,10.4778511971061,"DEA"
"DEA35",13898672.2,218401,63.6383175901209,27489,4.15321576676126,10.2215412036333,"DEA"
"DEA36",71378410.81,617807,115.53512797686,24333,4.74957462204896,10.0995887327385,"DEA"
"DEA37",43685594.5,443374,98.5298968816394,30722,4.59036002376568,10.3327342893091,"DEA"
"DEA38",20189071.06,277431,72.7715037612956,30005,4.28732444672286,10.3091193134236,"DEA"
"DEA41",66905857.21,333090,200.864202497823,38290,5.30262907026859,10.5529440444713,"DEA"
"DEA42",17382877.27,360642,48.1998138597279,45492,3.87535515921773,10.7252917653043,"DEA"
"DEA43",3921667.42,252122,15.5546418797249,32221,2.74435910724464,10.3803736928726,"DEA"
"DEA44",15269024.76,144010,106.027531143671,26443,4.66369878815913,10.1827467519768,"DEA"
"DEA45",91257856.9,350750,260.179207127584,28497,5.56137065176921,10.2575540975583,"DEA"
"DEA46",6392104.46,313050,20.4187971889475,39199,3.01645590742414,10.5764065152491,"DEA"
"DEA47",67164582.38,304332,220.695103965406,34662,5.39678212889975,10.4533992650093,"DEA"
"DEA51",99929000.26,364742,273.971739640623,31705,5.61302496107105,10.3642296761341,"DEA"
"DEA52",659910280.6,586181,1125.77903514444,35664,7.02623055067181,10.4818970556256,"DEA"
"DEA53",5176159.42,189044,27.3807125325321,32711,3.30983884335413,10.3954666917557,"DEA"
"DEA54",21619540.39,179397,120.512273839585,27625,4.79175160533349,10.2264764388201,"DEA"
"DEA55",8594935.96,155851,55.1484171420139,21893,4.01002804432687,9.99392223000734,"DEA"
"DEA56",6869290.1,325954,21.0744157151009,29266,3.04805977942772,10.2841817116524,"DEA"
"DEA57",23520146.18,263762,89.1718525792191,34227,4.49056543574368,10.4407700852645,"DEA"
"DEA58",17368570.32,416171,41.7342157911051,35176,3.73132131492861,10.4681193108606,"DEA"
"DEA59",19877315.85,136365,145.765525244748,38092,4.9819993392473,10.5477595653139,"DEA"
"DEA5A",33731465.2,280800,120.126300569801,38128,4.7885436940356,10.5487041993385,"DEA"
"DEA5B",18217632.07,302995,60.1251904156834,33403,4.09642889541772,10.4164009952905,"DEA"
"DEA5C",36343793.53,396035,91.7691454795662,29099,4.51927613524312,10.278459088308,"DEA"
"DEB11",6853008.86,112586,60.8691032632832,65163,4.10872571039934,11.0846471021718,"DEB"
"DEB12",7638123.86,127770,59.7802603114972,24568,4.09067551133773,10.1092000621207,"DEB"
"DEB13",37309798.61,129171,288.840363626511,25633,5.66587416050239,10.1516358628399,"DEB"
"DEB14",11947736.48,156821,76.1870953507502,28574,4.33319209599851,10.2602524924251,"DEB"
"DEB15",7987955.38,80615,99.0877055138622,27655,4.59600537222558,10.2275618224288,"DEB"
"DEB17",10631622.85,211925,50.1669121151351,30130,3.91535568816935,10.3132766321243,"DEB"
"DEB18",18772920.71,180655,103.915865655531,29541,4.64358158765573,10.2935344079159,"DEB"
"DEB1A",2461418.1,123543,19.923573978291,24453,2.99190365264409,10.1045081867626,"DEB"
"DEB1B",31266261.53,200302,156.095603289034,31375,5.05046866113518,10.3537666764341,"DEB"
"DEB1C",4508341,62391,72.2594765270632,27890,4.28026348139576,10.2360234806215,"DEB"
"DEB1D",69307967.27,102529,675.984036418964,32262,6.51616946099929,10.3816453460377,"DEB"
"DEB21",43789713.89,114914,381.065091198636,42055,5.94297020357573,10.6467335643965,"DEB"
"DEB22",33842946.43,111828,302.633923793683,31427,5.71252390278276,10.3554226750291,"DEB"
"DEB23",31936263.89,97180,328.63000504219,26407,5.79493251318797,10.1813844055031,"DEB"
"DEB24",30344666.9,60794,499.139173273678,30461,6.212884961221,10.3242024558512,"DEB"
"DEB25",86844941.79,147999,586.794112054811,19305,6.37467401222873,9.86811940869834,"DEB"
"DEB31",1918309.92,48363,39.6648247627318,32321,3.68046476881232,10.3834724527504,"DEB"
"DEB32",58368654.76,98520,592.454879821356,47864,6.38427471790932,10.7761189350699,"DEB"
"DEB33",3107560.6,45362,68.5058110312596,41023,4.22691857424323,10.6218881640082,"DEB"
"DEB34",2704548.27,164718,16.4192636506028,83718,2.79845525835386,11.3352092871203,"DEB"
"DEB35",82288730.24,209779,392.263907445454,54838,5.97193484654982,10.9121386632811,"DEB"
"DEB36",332367,52999,6.27119379610936,29711,1.83596673462498,10.299272626591,"DEB"
"DEB37",4940964.44,40125,123.139300685358,37010,4.81331624044597,10.5189434253802,"DEB"
"DEB38",741629.28,50284,14.7488123458754,49467,2.69116256062031,10.8090610595691,"DEB"
"DEB3A",3483110.67,34260,101.666978108581,44335,4.62170255129771,10.6995297118141,"DEB"
"DEB3B",9845833.2,127274,77.3593444065559,23301,4.34846137652997,10.0562515570878,"DEB"
"DEB3C",4917028.95,132203,37.19302096019,21344,3.61612113508136,9.96852594871535,"DEB"
"DEB3D",7665932.92,75230,101.899945766317,28104,4.62399140800397,10.2436671939457,"DEB"
"DEB3E",7974106.43,127303,62.6387942939287,36861,4.13738480331608,10.5149093605357,"DEB"
"DEB3F",23146378.43,104966,220.513103576396,20051,5.39595711977153,9.9060343068027,"DEB"
"DEB3G",7271164.12,70997,102.415089651675,16752,4.62903406162865,9.72627293311032,"DEB"
"DEB3H",7524348.27,110526,68.0776312360892,25774,4.22064868983032,10.1571215108483,"DEB"
"DEB3I",2952189.94,151546,19.4804873767701,19075,2.96941331724279,9.85613385615266,"DEB"
"DEB3J",1323331.99,208749,6.33934529027684,34967,1.84677549659893,10.4621600385593,"DEB"
"DEB3K",2061752.52,96474,21.3710690963368,15460,3.06203809598503,9.64601132214141,"DEB"
"DEC01",100760521.39,327380,307.778487965056,42983,5.72938032931019,10.6685599676675,"DEC"
"DEC02",18966518.49,103997,182.375630931661,25092,5.2060684663663,10.1303043492166,"DEC"
"DEC03",17232950.42,133735,128.858940591468,24855,4.85871832228502,10.1208142185288,"DEC"
"DEC04",10753833.39,197009,54.5854929977818,32719,3.9997681514361,10.3957112279025,"DEC"
"DEC05",24035532.42,144584,166.239227162065,37974,5.11342787841124,10.5446569940034,"DEC"
"DEC06",1530989.56,88892,17.223029743959,25809,2.84624742684271,10.1584785472895,"DEC"
"DED21",1174591427.96,543825,2159.87023023951,38024,7.6778034202806,10.5459728182938,"DED"
"DED2C",70277567.26,306273,229.460537690231,24429,5.43573106565349,10.1035262301352,"DED"
"DED2D",101730522.05,260000,391.271238653846,24909,5.96940102448032,10.1229844629301,"DED"
"DED2E",62417579.14,245244,254.512155812171,27013,5.53934859835552,10.2040735105929,"DED"
"DED2F",76649622.29,247412,309.805596697007,21945,5.73594499333607,9.99629460212233,"DED"
"DED41",212125360.64,248645,853.125382131151,33736,6.74890652629252,10.4263207954264,"DED"
"DED42",197319617.23,347665,567.556749255749,22121,6.34134074304457,10.004282662571,"DED"
"DED43",235600168.47,312450,754.041185693711,25930,6.62544698945213,10.1631558785327,"DED"
"DED44",75639373.63,232318,325.585506202705,23844,5.78562511901815,10.0792878923398,"DED"
"DED45",173945738.13,324534,535.986177503744,29252,6.284108372499,10.2837032263908,"DED"
"DED51",201904266.3,560472,360.239702072539,35189,5.88676964896804,10.4684888127479,"DED"
"DED52",36351611.96,258408,140.675257577165,24798,4.94645409632648,10.1185182837398,"DED"
"DED53",17038639.4,197605,86.2257503605678,26179,4.45696886114013,10.1727128416373,"DED"
"DEE01",59498918.06,82919,717.554698681846,28197,6.57584917982468,10.2469708682884,"DEE"
"DEE02",335072376.51,236991,1413.86118675393,29445,7.25407967102497,10.2902793953787,"DEE"
"DEE03",433095394.13,235723,1837.30647467578,33079,7.51605590563613,10.4066539189346,"DEE"
"DEE04",17521408.54,86164,203.349525788032,23344,5.31492630035166,10.0580952707626,"DEE"
"DEE05",102615807.11,164817,622.604507484058,27334,6.43391149775653,10.2158866275247,"DEE"
"DEE06",45509075.75,91693,496.320065326688,23503,6.20722101161028,10.0648833515589,"DEE"
"DEE07",84230284.62,173473,485.552706300116,26731,6.1852878427044,10.1935792195817,"DEE"
"DEE08",98713357.97,184081,536.249574752419,24092,6.28459967723943,10.0896351141636,"DEE"
"DEE09",109861939.57,221366,496.290937045436,22463,6.20716232138583,10.0196247901652,"DEE"
"DEE0A",50431595.26,141408,356.638911942747,19338,5.87672381877699,9.86982735104349,"DEE"
"DEE0B",79774641.59,186431,427.904380655578,32385,6.05889976093891,10.385450631617,"DEE"
"DEE0C",341956289.56,196695,1738.51033102011,23508,7.46078389392097,10.0650960677325,"DEE"
"DEE0D",43059043.92,115262,373.575366729711,23716,5.92311976930324,10.0739052048273,"DEE"
"DEE0E",41675210.71,128447,324.45452762618,24360,5.78214539574306,10.1006977218238,"DEE"
"DEF01",134772758.26,85942,1568.18270764004,39875,7.35767271685172,10.5935048400871,"DEF"
"DEF02",286138505.16,246306,1161.71958929137,44198,7.05765659098496,10.6964348181733,"DEF"
"DEF03",139950827.86,216253,647.162480335533,37273,6.47259739177633,10.5260244829285,"DEF"
"DEF04",29648258.84,79197,374.360882861725,39657,5.92522025960908,10.5880227562475,"DEF"
"DEF05",146002480.99,132917,1098.44851290655,30567,7.00165402036349,10.3276762746424,"DEF"
"DEF06",34792483.18,192999,180.272867631439,21729,5.19447163431206,9.98640305286344,"DEF"
"DEF07",222347329.56,163960,1356.10715759941,33508,7.21237349015638,10.4195394952737,"DEF"
"DEF08",197608801.8,199574,990.153034964474,24851,6.89785951195446,10.1206532721638,"DEF"
"DEF09",27535844.96,307471,89.5559092076976,28549,4.49486311413194,10.259377188201,"DEF"
"DEF0A",46873229.57,128304,365.329448575259,18583,5.90079954532143,9.83000246327365,"DEF"
"DEF0B",83713670.88,270378,309.617168852495,26732,5.73533659512792,10.193616628631,"DEF"
"DEF0C",88966179.28,196839,451.974351017837,24107,6.11362543268638,10.090257533736,"DEF"
"DEF0D",30626311.66,267503,114.489600714758,29861,4.7404839954177,10.3043085601506,"DEF"
"DEF0E",101451993.81,131457,771.750411237135,30945,6.64866119624527,10.3399667141735,"DEF"
"DEF0F",38487959.05,239614,160.62483431686,32341,5.07907142415858,10.3840910541125,"DEF"
"DEG01",252194541.23,210118,1200.25195951799,39367,7.09028678000125,10.580683180882,"DEG"
"DEG02",19749849.49,96011,205.704028600889,27190,5.32643838130373,10.2106045376265,"DEG"
"DEG03",394515549.43,109527,3601.99356715696,41476,8.18924273982563,10.6328702256782,"DEG"
"DEG04",11134279.97,36778,302.74294333569,31091,5.71288407360892,10.3446736672187,"DEG"
"DEG05",98295125.8,64131,1532.72404609315,29021,7.33480185359658,10.2757749848383,"DEG"
"DEG06",68252596.84,101325,673.600758351838,24623,6.51263758874672,10.1114362444678,"DEG"
"DEG07",48027391.52,85355,562.678126881846,25275,6.33270775396138,10.1375710438887,"DEG"
"DEG09",36526768.94,105273,346.971863060804,23292,5.84924369037908,10.055865232957,"DEG"
"DEG0A",17065218.03,77110,221.310050966152,20625,5.39956466385733,9.93425921120288,"DEG"
"DEG0B",71943318.01,124623,577.287643613137,26541,6.35834065808438,10.1864459861515,"DEG"
"DEG0C",35244561.58,136831,257.577314935943,26460,5.55131992721554,10.1833894376689,"DEG"
"DEG0D",32185016.64,70600,455.87842266289,23434,6.12222615699842,10.0619432382281,"DEG"
"DEG0E",38989444.82,64524,604.262674663691,22557,6.40400899522408,10.0238007180461,"DEG"
"DEG0F",142251255.93,109620,1297.67611685824,27130,7.16833034136502,10.208395405653,"DEG"
"DEG0G",33350101.37,82127,406.079625092844,22298,6.00654926129087,10.0122522673275,"DEG"
"DEG0H",25938140.12,56818,456.512726952726,26972,6.12361657906091,10.2025545698545,"DEG"
"DEG0I",51141265.84,109278,467.992330020681,24689,6.14845190693865,10.1141130792914,"DEG"
"DEG0J",33699850.14,86184,391.022117098301,21340,5.9687641238544,9.96833852485574,"DEG"
"DEG0K",65514918.88,82951,789.802641077262,25559,6.67178309282931,10.1487447840954,"DEG"
"DEG0L",50639649.87,101114,500.817392942619,21389,6.21624154949954,9.97063205016546,"DEG"
"DEG0M",30892363.02,92344,334.535682015074,20875,5.81274354656996,9.94630754971906,"DEG"
"DEG0N",38702180.4,42417,912.421444232265,40716,6.81610199323823,10.6143764145722,"DEG"
"DEG0P",74350963.92,125655,591.70716581115,25257,6.38301186015714,10.1368586240058,"DEG"
